Semilla,Algoritmo,Fitness,Evaluaciones,Solucion
182478135,Greedy,3108.109,1,"['Node_0', 'Node_279', 'Node_1', 'Node_2', 'Node_278', 'Node_277', 'Node_3', 'Node_276', 'Node_275', 'Node_274', 'Node_273', 'Node_272', 'Node_271', 'Node_270', 'Node_15', 'Node_16', 'Node_17', 'Node_18', 'Node_19', 'Node_20', 'Node_127', 'Node_126', 'Node_125', 'Node_124', 'Node_29', 'Node_30', 'Node_31', 'Node_28', 'Node_27', 'Node_26', 'Node_25', 'Node_21', 'Node_24', 'Node_22', 'Node_23', 'Node_13', 'Node_12', 'Node_11', 'Node_10', 'Node_9', 'Node_7', 'Node_6', 'Node_8', 'Node_5', 'Node_4', 'Node_259', 'Node_258', 'Node_257', 'Node_256', 'Node_253', 'Node_252', 'Node_207', 'Node_206', 'Node_209', 'Node_208', 'Node_251', 'Node_254', 'Node_255', 'Node_248', 'Node_247', 'Node_246', 'Node_243', 'Node_240', 'Node_239', 'Node_238', 'Node_237', 'Node_230', 'Node_231', 'Node_232', 'Node_233', 'Node_234', 'Node_235', 'Node_236', 'Node_245', 'Node_244', 'Node_249', 'Node_250', 'Node_229', 'Node_228', 'Node_227', 'Node_226', 'Node_225', 'Node_224', 'Node_223', 'Node_222', 'Node_221', 'Node_218', 'Node_217', 'Node_214', 'Node_213', 'Node_210', 'Node_211', 'Node_212', 'Node_215', 'Node_216', 'Node_219', 'Node_220', 'Node_202', 'Node_201', 'Node_199', 'Node_143', 'Node_142', 'Node_141', 'Node_140', 'Node_139', 'Node_138', 'Node_137', 'Node_136', 'Node_135', 'Node_134', 'Node_133', 'Node_269', 'Node_268', 'Node_267', 'Node_266', 'Node_265', 'Node_264', 'Node_263', 'Node_262', 'Node_261', 'Node_260', 'Node_14', 'Node_132', 'Node_131', 'Node_130', 'Node_129', 'Node_128', 'Node_153', 'Node_154', 'Node_152', 'Node_155', 'Node_151', 'Node_150', 'Node_176', 'Node_175', 'Node_180', 'Node_179', 'Node_178', 'Node_177', 'Node_149', 'Node_148', 'Node_147', 'Node_146', 'Node_145', 'Node_144', 'Node_198', 'Node_197', 'Node_196', 'Node_193', 'Node_194', 'Node_195', 'Node_200', 'Node_192', 'Node_191', 'Node_190', 'Node_189', 'Node_188', 'Node_187', 'Node_186', 'Node_184', 'Node_183', 'Node_182', 'Node_181', 'Node_160', 'Node_161', 'Node_162', 'Node_163', 'Node_164', 'Node_165', 'Node_166', 'Node_167', 'Node_168', 'Node_100', 'Node_99', 'Node_98', 'Node_97', 'Node_92', 'Node_93', 'Node_94', 'Node_95', 'Node_96', 'Node_91', 'Node_90', 'Node_89', 'Node_88', 'Node_108', 'Node_107', 'Node_103', 'Node_102', 'Node_101', 'Node_169', 'Node_170', 'Node_171', 'Node_172', 'Node_105', 'Node_104', 'Node_106', 'Node_173', 'Node_174', 'Node_159', 'Node_158', 'Node_157', 'Node_156', 'Node_118', 'Node_119', 'Node_120', 'Node_121', 'Node_122', 'Node_123', 'Node_33', 'Node_32', 'Node_35', 'Node_34', 'Node_37', 'Node_36', 'Node_38', 'Node_39', 'Node_40', 'Node_41', 'Node_42', 'Node_59', 'Node_60', 'Node_117', 'Node_116', 'Node_114', 'Node_113', 'Node_110', 'Node_109', 'Node_111', 'Node_87', 'Node_82', 'Node_81', 'Node_80', 'Node_79', 'Node_78', 'Node_75', 'Node_74', 'Node_73', 'Node_72', 'Node_71', 'Node_70', 'Node_69', 'Node_66', 'Node_65', 'Node_64', 'Node_63', 'Node_62', 'Node_61', 'Node_115', 'Node_85', 'Node_84', 'Node_83', 'Node_86', 'Node_112', 'Node_58', 'Node_43', 'Node_44', 'Node_45', 'Node_46', 'Node_47', 'Node_48', 'Node_49', 'Node_50', 'Node_51', 'Node_52', 'Node_53', 'Node_54', 'Node_55', 'Node_56', 'Node_57', 'Node_67', 'Node_68', 'Node_76', 'Node_77', 'Node_185', 'Node_203', 'Node_204', 'Node_205', 'Node_242', 'Node_241']"
182478135,SH,3571.881,310,"['Node_147', 'Node_146', 'Node_145', 'Node_144', 'Node_198', 'Node_197', 'Node_196', 'Node_193', 'Node_194', 'Node_201', 'Node_200', 'Node_199', 'Node_143', 'Node_142', 'Node_141', 'Node_140', 'Node_139', 'Node_138', 'Node_137', 'Node_136', 'Node_135', 'Node_134', 'Node_268', 'Node_267', 'Node_266', 'Node_265', 'Node_264', 'Node_263', 'Node_262', 'Node_261', 'Node_260', 'Node_259', 'Node_258', 'Node_257', 'Node_256', 'Node_253', 'Node_252', 'Node_208', 'Node_209', 'Node_211', 'Node_210', 'Node_213', 'Node_214', 'Node_217', 'Node_218', 'Node_219', 'Node_220', 'Node_221', 'Node_222', 'Node_223', 'Node_224', 'Node_225', 'Node_226', 'Node_227', 'Node_228', 'Node_229', 'Node_250', 'Node_249', 'Node_246', 'Node_243', 'Node_242', 'Node_241', 'Node_240', 'Node_245', 'Node_230', 'Node_238', 'Node_239', 'Node_244', 'Node_237', 'Node_236', 'Node_235', 'Node_234', 'Node_233', 'Node_232', 'Node_231', 'Node_247', 'Node_248', 'Node_255', 'Node_254', 'Node_251', 'Node_205', 'Node_207', 'Node_206', 'Node_212', 'Node_215', 'Node_216', 'Node_204', 'Node_203', 'Node_202', 'Node_195', 'Node_192', 'Node_191', 'Node_190', 'Node_189', 'Node_188', 'Node_185', 'Node_186', 'Node_184', 'Node_183', 'Node_182', 'Node_181', 'Node_180', 'Node_179', 'Node_178', 'Node_149', 'Node_148', 'Node_133', 'Node_269', 'Node_16', 'Node_17', 'Node_132', 'Node_131', 'Node_18', 'Node_19', 'Node_130', 'Node_129', 'Node_20', 'Node_127', 'Node_128', 'Node_126', 'Node_125', 'Node_28', 'Node_30', 'Node_31', 'Node_32', 'Node_33', 'Node_34', 'Node_38', 'Node_37', 'Node_35', 'Node_36', 'Node_48', 'Node_49', 'Node_50', 'Node_51', 'Node_52', 'Node_53', 'Node_54', 'Node_55', 'Node_56', 'Node_57', 'Node_58', 'Node_43', 'Node_44', 'Node_45', 'Node_46', 'Node_47', 'Node_67', 'Node_68', 'Node_69', 'Node_70', 'Node_71', 'Node_72', 'Node_73', 'Node_74', 'Node_76', 'Node_77', 'Node_94', 'Node_95', 'Node_96', 'Node_97', 'Node_92', 'Node_93', 'Node_98', 'Node_99', 'Node_100', 'Node_101', 'Node_102', 'Node_104', 'Node_105', 'Node_106', 'Node_173', 'Node_172', 'Node_170', 'Node_119', 'Node_118', 'Node_156', 'Node_157', 'Node_158', 'Node_159', 'Node_174', 'Node_160', 'Node_161', 'Node_162', 'Node_163', 'Node_164', 'Node_165', 'Node_166', 'Node_167', 'Node_168', 'Node_169', 'Node_171', 'Node_103', 'Node_107', 'Node_108', 'Node_88', 'Node_81', 'Node_82', 'Node_83', 'Node_87', 'Node_111', 'Node_109', 'Node_110', 'Node_113', 'Node_115', 'Node_114', 'Node_116', 'Node_117', 'Node_60', 'Node_61', 'Node_62', 'Node_63', 'Node_66', 'Node_65', 'Node_64', 'Node_84', 'Node_86', 'Node_112', 'Node_78', 'Node_80', 'Node_79', 'Node_90', 'Node_89', 'Node_91', 'Node_85', 'Node_75', 'Node_155', 'Node_152', 'Node_154', 'Node_153', 'Node_121', 'Node_120', 'Node_122', 'Node_123', 'Node_124', 'Node_29', 'Node_26', 'Node_25', 'Node_21', 'Node_24', 'Node_22', 'Node_23', 'Node_13', 'Node_11', 'Node_10', 'Node_9', 'Node_8', 'Node_7', 'Node_6', 'Node_5', 'Node_4', 'Node_0', 'Node_1', 'Node_279', 'Node_2', 'Node_278', 'Node_277', 'Node_3', 'Node_276', 'Node_275', 'Node_274', 'Node_273', 'Node_272', 'Node_271', 'Node_270', 'Node_15', 'Node_14', 'Node_12', 'Node_27', 'Node_176', 'Node_177', 'Node_150', 'Node_151', 'Node_175', 'Node_41', 'Node_40', 'Node_39', 'Node_42', 'Node_59', 'Node_187']"
182478135,SHE,3571.881,320,"['Node_147', 'Node_146', 'Node_145', 'Node_144', 'Node_198', 'Node_197', 'Node_196', 'Node_193', 'Node_194', 'Node_201', 'Node_200', 'Node_199', 'Node_143', 'Node_142', 'Node_141', 'Node_140', 'Node_139', 'Node_138', 'Node_137', 'Node_136', 'Node_135', 'Node_134', 'Node_268', 'Node_267', 'Node_266', 'Node_265', 'Node_264', 'Node_263', 'Node_262', 'Node_261', 'Node_260', 'Node_259', 'Node_258', 'Node_257', 'Node_256', 'Node_253', 'Node_252', 'Node_208', 'Node_209', 'Node_211', 'Node_210', 'Node_213', 'Node_214', 'Node_217', 'Node_218', 'Node_219', 'Node_220', 'Node_221', 'Node_222', 'Node_223', 'Node_224', 'Node_225', 'Node_226', 'Node_227', 'Node_228', 'Node_229', 'Node_250', 'Node_249', 'Node_246', 'Node_243', 'Node_242', 'Node_241', 'Node_240', 'Node_245', 'Node_230', 'Node_238', 'Node_239', 'Node_244', 'Node_237', 'Node_236', 'Node_235', 'Node_234', 'Node_233', 'Node_232', 'Node_231', 'Node_247', 'Node_248', 'Node_255', 'Node_254', 'Node_251', 'Node_205', 'Node_207', 'Node_206', 'Node_212', 'Node_215', 'Node_216', 'Node_204', 'Node_203', 'Node_202', 'Node_195', 'Node_192', 'Node_191', 'Node_190', 'Node_189', 'Node_188', 'Node_185', 'Node_186', 'Node_184', 'Node_183', 'Node_182', 'Node_181', 'Node_180', 'Node_179', 'Node_178', 'Node_149', 'Node_148', 'Node_133', 'Node_269', 'Node_16', 'Node_17', 'Node_132', 'Node_131', 'Node_18', 'Node_19', 'Node_130', 'Node_129', 'Node_20', 'Node_127', 'Node_128', 'Node_126', 'Node_125', 'Node_28', 'Node_30', 'Node_31', 'Node_32', 'Node_33', 'Node_34', 'Node_38', 'Node_37', 'Node_35', 'Node_36', 'Node_48', 'Node_49', 'Node_50', 'Node_51', 'Node_52', 'Node_53', 'Node_54', 'Node_55', 'Node_56', 'Node_57', 'Node_58', 'Node_43', 'Node_44', 'Node_45', 'Node_46', 'Node_47', 'Node_67', 'Node_68', 'Node_69', 'Node_70', 'Node_71', 'Node_72', 'Node_73', 'Node_74', 'Node_76', 'Node_77', 'Node_94', 'Node_95', 'Node_96', 'Node_97', 'Node_92', 'Node_93', 'Node_98', 'Node_99', 'Node_100', 'Node_101', 'Node_102', 'Node_104', 'Node_105', 'Node_106', 'Node_173', 'Node_172', 'Node_170', 'Node_119', 'Node_118', 'Node_156', 'Node_157', 'Node_158', 'Node_159', 'Node_174', 'Node_160', 'Node_161', 'Node_162', 'Node_163', 'Node_164', 'Node_165', 'Node_166', 'Node_167', 'Node_168', 'Node_169', 'Node_171', 'Node_103', 'Node_107', 'Node_108', 'Node_88', 'Node_81', 'Node_82', 'Node_83', 'Node_87', 'Node_111', 'Node_109', 'Node_110', 'Node_113', 'Node_115', 'Node_114', 'Node_116', 'Node_117', 'Node_60', 'Node_61', 'Node_62', 'Node_63', 'Node_66', 'Node_65', 'Node_64', 'Node_84', 'Node_86', 'Node_112', 'Node_78', 'Node_80', 'Node_79', 'Node_90', 'Node_89', 'Node_91', 'Node_85', 'Node_75', 'Node_155', 'Node_152', 'Node_154', 'Node_153', 'Node_121', 'Node_120', 'Node_122', 'Node_123', 'Node_124', 'Node_29', 'Node_26', 'Node_25', 'Node_21', 'Node_24', 'Node_22', 'Node_23', 'Node_13', 'Node_11', 'Node_10', 'Node_9', 'Node_8', 'Node_7', 'Node_6', 'Node_5', 'Node_4', 'Node_0', 'Node_1', 'Node_279', 'Node_2', 'Node_278', 'Node_277', 'Node_3', 'Node_276', 'Node_275', 'Node_274', 'Node_273', 'Node_272', 'Node_271', 'Node_270', 'Node_15', 'Node_14', 'Node_12', 'Node_27', 'Node_176', 'Node_177', 'Node_150', 'Node_151', 'Node_175', 'Node_41', 'Node_40', 'Node_39', 'Node_42', 'Node_59', 'Node_187']"
182478135,SCH,9224.113,1860,"['Node_259', 'Node_133', 'Node_268', 'Node_267', 'Node_17', 'Node_132', 'Node_16', 'Node_140', 'Node_264', 'Node_258', 'Node_260', 'Node_262', 'Node_130', 'Node_131', 'Node_152', 'Node_151', 'Node_261', 'Node_263', 'Node_179', 'Node_42', 'Node_129', 'Node_19', 'Node_20', 'Node_127', 'Node_31', 'Node_27', 'Node_30', 'Node_18', 'Node_12', 'Node_14', 'Node_10', 'Node_6', 'Node_11', 'Node_273', 'Node_247', 'Node_239', 'Node_244', 'Node_243', 'Node_2', 'Node_278', 'Node_277', 'Node_256', 'Node_233', 'Node_135', 'Node_137', 'Node_265', 'Node_139', 'Node_146', 'Node_144', 'Node_145', 'Node_198', 'Node_200', 'Node_195', 'Node_242', 'Node_241', 'Node_276', 'Node_3', 'Node_5', 'Node_4', 'Node_255', 'Node_254', 'Node_7', 'Node_9', 'Node_93', 'Node_96', 'Node_78', 'Node_76', 'Node_77', 'Node_81', 'Node_89', 'Node_169', 'Node_166', 'Node_187', 'Node_159', 'Node_174', 'Node_160', 'Node_59', 'Node_157', 'Node_266', 'Node_148', 'Node_147', 'Node_219', 'Node_214', 'Node_221', 'Node_218', 'Node_141', 'Node_142', 'Node_143', 'Node_253', 'Node_246', 'Node_250', 'Node_229', 'Node_245', 'Node_238', 'Node_232', 'Node_227', 'Node_231', 'Node_252', 'Node_206', 'Node_228', 'Node_213', 'Node_210', 'Node_226', 'Node_225', 'Node_224', 'Node_173', 'Node_98', 'Node_99', 'Node_167', 'Node_171', 'Node_183', 'Node_182', 'Node_181', 'Node_176', 'Node_155', 'Node_49', 'Node_67', 'Node_68', 'Node_66', 'Node_64', 'Node_113', 'Node_60', 'Node_23', 'Node_22', 'Node_24', 'Node_25', 'Node_26', 'Node_103', 'Node_102', 'Node_172', 'Node_185', 'Node_186', 'Node_184', 'Node_175', 'Node_149', 'Node_177', 'Node_212', 'Node_211', 'Node_209', 'Node_208', 'Node_207', 'Node_204', 'Node_205', 'Node_251', 'Node_240', 'Node_237', 'Node_230', 'Node_236', 'Node_235', 'Node_234', 'Node_191', 'Node_190', 'Node_197', 'Node_196', 'Node_194', 'Node_193', 'Node_199', 'Node_201', 'Node_202', 'Node_178', 'Node_164', 'Node_163', 'Node_162', 'Node_192', 'Node_203', 'Node_189', 'Node_188', 'Node_91', 'Node_101', 'Node_170', 'Node_109', 'Node_107', 'Node_115', 'Node_85', 'Node_86', 'Node_87', 'Node_80', 'Node_79', 'Node_90', 'Node_111', 'Node_108', 'Node_38', 'Node_47', 'Node_45', 'Node_54', 'Node_122', 'Node_29', 'Node_28', 'Node_120', 'Node_154', 'Node_153', 'Node_119', 'Node_118', 'Node_156', 'Node_43', 'Node_56', 'Node_58', 'Node_34', 'Node_33', 'Node_32', 'Node_50', 'Node_36', 'Node_35', 'Node_21', 'Node_13', 'Node_15', 'Node_271', 'Node_272', 'Node_274', 'Node_84', 'Node_62', 'Node_61', 'Node_117', 'Node_37', 'Node_40', 'Node_39', 'Node_41', 'Node_53', 'Node_52', 'Node_51', 'Node_48', 'Node_46', 'Node_55', 'Node_57', 'Node_63', 'Node_65', 'Node_105', 'Node_104', 'Node_94', 'Node_92', 'Node_97', 'Node_100', 'Node_168', 'Node_165', 'Node_106', 'Node_88', 'Node_75', 'Node_74', 'Node_72', 'Node_73', 'Node_71', 'Node_70', 'Node_69', 'Node_83', 'Node_82', 'Node_161', 'Node_180', 'Node_136', 'Node_124', 'Node_123', 'Node_121', 'Node_150', 'Node_158', 'Node_220', 'Node_216', 'Node_215', 'Node_223', 'Node_222', 'Node_217', 'Node_275', 'Node_8', 'Node_257', 'Node_248', 'Node_249', 'Node_134', 'Node_269', 'Node_44', 'Node_128', 'Node_126', 'Node_125', 'Node_114', 'Node_116', 'Node_112', 'Node_110', 'Node_95', 'Node_270', 'Node_0', 'Node_279', 'Node_1', 'Node_138']"
63100251,Greedy,3108.109,1,"['Node_0', 'Node_279', 'Node_1', 'Node_2', 'Node_278', 'Node_277', 'Node_3', 'Node_276', 'Node_275', 'Node_274', 'Node_273', 'Node_272', 'Node_271', 'Node_270', 'Node_15', 'Node_16', 'Node_17', 'Node_18', 'Node_19', 'Node_20', 'Node_127', 'Node_126', 'Node_125', 'Node_124', 'Node_29', 'Node_30', 'Node_31', 'Node_28', 'Node_27', 'Node_26', 'Node_25', 'Node_21', 'Node_24', 'Node_22', 'Node_23', 'Node_13', 'Node_12', 'Node_11', 'Node_10', 'Node_9', 'Node_7', 'Node_6', 'Node_8', 'Node_5', 'Node_4', 'Node_259', 'Node_258', 'Node_257', 'Node_256', 'Node_253', 'Node_252', 'Node_207', 'Node_206', 'Node_209', 'Node_208', 'Node_251', 'Node_254', 'Node_255', 'Node_248', 'Node_247', 'Node_246', 'Node_243', 'Node_240', 'Node_239', 'Node_238', 'Node_237', 'Node_230', 'Node_231', 'Node_232', 'Node_233', 'Node_234', 'Node_235', 'Node_236', 'Node_245', 'Node_244', 'Node_249', 'Node_250', 'Node_229', 'Node_228', 'Node_227', 'Node_226', 'Node_225', 'Node_224', 'Node_223', 'Node_222', 'Node_221', 'Node_218', 'Node_217', 'Node_214', 'Node_213', 'Node_210', 'Node_211', 'Node_212', 'Node_215', 'Node_216', 'Node_219', 'Node_220', 'Node_202', 'Node_201', 'Node_199', 'Node_143', 'Node_142', 'Node_141', 'Node_140', 'Node_139', 'Node_138', 'Node_137', 'Node_136', 'Node_135', 'Node_134', 'Node_133', 'Node_269', 'Node_268', 'Node_267', 'Node_266', 'Node_265', 'Node_264', 'Node_263', 'Node_262', 'Node_261', 'Node_260', 'Node_14', 'Node_132', 'Node_131', 'Node_130', 'Node_129', 'Node_128', 'Node_153', 'Node_154', 'Node_152', 'Node_155', 'Node_151', 'Node_150', 'Node_176', 'Node_175', 'Node_180', 'Node_179', 'Node_178', 'Node_177', 'Node_149', 'Node_148', 'Node_147', 'Node_146', 'Node_145', 'Node_144', 'Node_198', 'Node_197', 'Node_196', 'Node_193', 'Node_194', 'Node_195', 'Node_200', 'Node_192', 'Node_191', 'Node_190', 'Node_189', 'Node_188', 'Node_187', 'Node_186', 'Node_184', 'Node_183', 'Node_182', 'Node_181', 'Node_160', 'Node_161', 'Node_162', 'Node_163', 'Node_164', 'Node_165', 'Node_166', 'Node_167', 'Node_168', 'Node_100', 'Node_99', 'Node_98', 'Node_97', 'Node_92', 'Node_93', 'Node_94', 'Node_95', 'Node_96', 'Node_91', 'Node_90', 'Node_89', 'Node_88', 'Node_108', 'Node_107', 'Node_103', 'Node_102', 'Node_101', 'Node_169', 'Node_170', 'Node_171', 'Node_172', 'Node_105', 'Node_104', 'Node_106', 'Node_173', 'Node_174', 'Node_159', 'Node_158', 'Node_157', 'Node_156', 'Node_118', 'Node_119', 'Node_120', 'Node_121', 'Node_122', 'Node_123', 'Node_33', 'Node_32', 'Node_35', 'Node_34', 'Node_37', 'Node_36', 'Node_38', 'Node_39', 'Node_40', 'Node_41', 'Node_42', 'Node_59', 'Node_60', 'Node_117', 'Node_116', 'Node_114', 'Node_113', 'Node_110', 'Node_109', 'Node_111', 'Node_87', 'Node_82', 'Node_81', 'Node_80', 'Node_79', 'Node_78', 'Node_75', 'Node_74', 'Node_73', 'Node_72', 'Node_71', 'Node_70', 'Node_69', 'Node_66', 'Node_65', 'Node_64', 'Node_63', 'Node_62', 'Node_61', 'Node_115', 'Node_85', 'Node_84', 'Node_83', 'Node_86', 'Node_112', 'Node_58', 'Node_43', 'Node_44', 'Node_45', 'Node_46', 'Node_47', 'Node_48', 'Node_49', 'Node_50', 'Node_51', 'Node_52', 'Node_53', 'Node_54', 'Node_55', 'Node_56', 'Node_57', 'Node_67', 'Node_68', 'Node_76', 'Node_77', 'Node_185', 'Node_203', 'Node_204', 'Node_205', 'Node_242', 'Node_241']"
63100251,SH,3662.5740000000005,310,"['Node_172', 'Node_173', 'Node_165', 'Node_166', 'Node_167', 'Node_170', 'Node_169', 'Node_171', 'Node_183', 'Node_184', 'Node_186', 'Node_185', 'Node_190', 'Node_189', 'Node_188', 'Node_187', 'Node_164', 'Node_163', 'Node_162', 'Node_161', 'Node_160', 'Node_174', 'Node_159', 'Node_158', 'Node_157', 'Node_156', 'Node_118', 'Node_119', 'Node_120', 'Node_121', 'Node_122', 'Node_123', 'Node_124', 'Node_29', 'Node_30', 'Node_28', 'Node_15', 'Node_270', 'Node_271', 'Node_272', 'Node_273', 'Node_274', 'Node_275', 'Node_276', 'Node_3', 'Node_5', 'Node_4', 'Node_277', 'Node_278', 'Node_2', 'Node_279', 'Node_1', 'Node_247', 'Node_248', 'Node_249', 'Node_246', 'Node_243', 'Node_244', 'Node_245', 'Node_238', 'Node_239', 'Node_240', 'Node_241', 'Node_242', 'Node_0', 'Node_8', 'Node_9', 'Node_10', 'Node_11', 'Node_12', 'Node_13', 'Node_14', 'Node_18', 'Node_17', 'Node_16', 'Node_23', 'Node_22', 'Node_24', 'Node_21', 'Node_25', 'Node_26', 'Node_27', 'Node_130', 'Node_131', 'Node_132', 'Node_269', 'Node_268', 'Node_267', 'Node_266', 'Node_136', 'Node_137', 'Node_265', 'Node_264', 'Node_139', 'Node_140', 'Node_141', 'Node_142', 'Node_143', 'Node_199', 'Node_201', 'Node_202', 'Node_203', 'Node_204', 'Node_205', 'Node_211', 'Node_212', 'Node_215', 'Node_216', 'Node_219', 'Node_220', 'Node_221', 'Node_218', 'Node_217', 'Node_214', 'Node_210', 'Node_213', 'Node_232', 'Node_233', 'Node_234', 'Node_235', 'Node_236', 'Node_237', 'Node_230', 'Node_231', 'Node_228', 'Node_227', 'Node_226', 'Node_225', 'Node_224', 'Node_223', 'Node_222', 'Node_250', 'Node_229', 'Node_254', 'Node_255', 'Node_252', 'Node_207', 'Node_206', 'Node_209', 'Node_208', 'Node_251', 'Node_253', 'Node_256', 'Node_257', 'Node_258', 'Node_259', 'Node_260', 'Node_261', 'Node_262', 'Node_263', 'Node_134', 'Node_133', 'Node_135', 'Node_148', 'Node_138', 'Node_147', 'Node_146', 'Node_145', 'Node_144', 'Node_198', 'Node_197', 'Node_200', 'Node_195', 'Node_194', 'Node_193', 'Node_196', 'Node_192', 'Node_191', 'Node_182', 'Node_181', 'Node_180', 'Node_175', 'Node_176', 'Node_150', 'Node_177', 'Node_151', 'Node_155', 'Node_152', 'Node_154', 'Node_153', 'Node_129', 'Node_20', 'Node_19', 'Node_127', 'Node_128', 'Node_126', 'Node_125', 'Node_33', 'Node_35', 'Node_34', 'Node_37', 'Node_36', 'Node_48', 'Node_49', 'Node_50', 'Node_51', 'Node_52', 'Node_47', 'Node_46', 'Node_54', 'Node_55', 'Node_44', 'Node_45', 'Node_53', 'Node_43', 'Node_58', 'Node_57', 'Node_56', 'Node_68', 'Node_67', 'Node_69', 'Node_70', 'Node_71', 'Node_72', 'Node_73', 'Node_75', 'Node_74', 'Node_76', 'Node_77', 'Node_78', 'Node_80', 'Node_81', 'Node_82', 'Node_83', 'Node_86', 'Node_87', 'Node_111', 'Node_110', 'Node_109', 'Node_107', 'Node_108', 'Node_89', 'Node_88', 'Node_79', 'Node_92', 'Node_97', 'Node_96', 'Node_95', 'Node_94', 'Node_93', 'Node_91', 'Node_90', 'Node_100', 'Node_101', 'Node_168', 'Node_99', 'Node_98', 'Node_103', 'Node_102', 'Node_112', 'Node_113', 'Node_114', 'Node_115', 'Node_85', 'Node_84', 'Node_64', 'Node_65', 'Node_66', 'Node_116', 'Node_117', 'Node_61', 'Node_62', 'Node_63', 'Node_59', 'Node_60', 'Node_42', 'Node_41', 'Node_40', 'Node_39', 'Node_38', 'Node_31', 'Node_32', 'Node_106', 'Node_105', 'Node_104', 'Node_178', 'Node_179', 'Node_149', 'Node_6', 'Node_7']"
63100251,SHE,3662.5740000000005,320,"['Node_172', 'Node_173', 'Node_165', 'Node_166', 'Node_167', 'Node_170', 'Node_169', 'Node_171', 'Node_183', 'Node_184', 'Node_186', 'Node_185', 'Node_190', 'Node_189', 'Node_188', 'Node_187', 'Node_164', 'Node_163', 'Node_162', 'Node_161', 'Node_160', 'Node_174', 'Node_159', 'Node_158', 'Node_157', 'Node_156', 'Node_118', 'Node_119', 'Node_120', 'Node_121', 'Node_122', 'Node_123', 'Node_124', 'Node_29', 'Node_30', 'Node_28', 'Node_15', 'Node_270', 'Node_271', 'Node_272', 'Node_273', 'Node_274', 'Node_275', 'Node_276', 'Node_3', 'Node_5', 'Node_4', 'Node_277', 'Node_278', 'Node_2', 'Node_279', 'Node_1', 'Node_247', 'Node_248', 'Node_249', 'Node_246', 'Node_243', 'Node_244', 'Node_245', 'Node_238', 'Node_239', 'Node_240', 'Node_241', 'Node_242', 'Node_0', 'Node_8', 'Node_9', 'Node_10', 'Node_11', 'Node_12', 'Node_13', 'Node_14', 'Node_18', 'Node_17', 'Node_16', 'Node_23', 'Node_22', 'Node_24', 'Node_21', 'Node_25', 'Node_26', 'Node_27', 'Node_130', 'Node_131', 'Node_132', 'Node_269', 'Node_268', 'Node_267', 'Node_266', 'Node_136', 'Node_137', 'Node_265', 'Node_264', 'Node_139', 'Node_140', 'Node_141', 'Node_142', 'Node_143', 'Node_199', 'Node_201', 'Node_202', 'Node_203', 'Node_204', 'Node_205', 'Node_211', 'Node_212', 'Node_215', 'Node_216', 'Node_219', 'Node_220', 'Node_221', 'Node_218', 'Node_217', 'Node_214', 'Node_210', 'Node_213', 'Node_232', 'Node_233', 'Node_234', 'Node_235', 'Node_236', 'Node_237', 'Node_230', 'Node_231', 'Node_228', 'Node_227', 'Node_226', 'Node_225', 'Node_224', 'Node_223', 'Node_222', 'Node_250', 'Node_229', 'Node_254', 'Node_255', 'Node_252', 'Node_207', 'Node_206', 'Node_209', 'Node_208', 'Node_251', 'Node_253', 'Node_256', 'Node_257', 'Node_258', 'Node_259', 'Node_260', 'Node_261', 'Node_262', 'Node_263', 'Node_134', 'Node_133', 'Node_135', 'Node_148', 'Node_138', 'Node_147', 'Node_146', 'Node_145', 'Node_144', 'Node_198', 'Node_197', 'Node_200', 'Node_195', 'Node_194', 'Node_193', 'Node_196', 'Node_192', 'Node_191', 'Node_182', 'Node_181', 'Node_180', 'Node_175', 'Node_176', 'Node_150', 'Node_177', 'Node_151', 'Node_155', 'Node_152', 'Node_154', 'Node_153', 'Node_129', 'Node_20', 'Node_19', 'Node_127', 'Node_128', 'Node_126', 'Node_125', 'Node_33', 'Node_35', 'Node_34', 'Node_37', 'Node_36', 'Node_48', 'Node_49', 'Node_50', 'Node_51', 'Node_52', 'Node_47', 'Node_46', 'Node_54', 'Node_55', 'Node_44', 'Node_45', 'Node_53', 'Node_43', 'Node_58', 'Node_57', 'Node_56', 'Node_68', 'Node_67', 'Node_69', 'Node_70', 'Node_71', 'Node_72', 'Node_73', 'Node_75', 'Node_74', 'Node_76', 'Node_77', 'Node_78', 'Node_80', 'Node_81', 'Node_82', 'Node_83', 'Node_86', 'Node_87', 'Node_111', 'Node_110', 'Node_109', 'Node_107', 'Node_108', 'Node_89', 'Node_88', 'Node_79', 'Node_92', 'Node_97', 'Node_96', 'Node_95', 'Node_94', 'Node_93', 'Node_91', 'Node_90', 'Node_100', 'Node_101', 'Node_168', 'Node_99', 'Node_98', 'Node_103', 'Node_102', 'Node_112', 'Node_113', 'Node_114', 'Node_115', 'Node_85', 'Node_84', 'Node_64', 'Node_65', 'Node_66', 'Node_116', 'Node_117', 'Node_61', 'Node_62', 'Node_63', 'Node_59', 'Node_60', 'Node_42', 'Node_41', 'Node_40', 'Node_39', 'Node_38', 'Node_31', 'Node_32', 'Node_106', 'Node_105', 'Node_104', 'Node_178', 'Node_179', 'Node_149', 'Node_6', 'Node_7']"
63100251,SCH,8954.266000000001,1890,"['Node_163', 'Node_184', 'Node_185', 'Node_210', 'Node_212', 'Node_211', 'Node_213', 'Node_233', 'Node_227', 'Node_209', 'Node_228', 'Node_202', 'Node_143', 'Node_146', 'Node_144', 'Node_145', 'Node_276', 'Node_249', 'Node_244', 'Node_246', 'Node_245', 'Node_223', 'Node_222', 'Node_195', 'Node_200', 'Node_194', 'Node_196', 'Node_179', 'Node_175', 'Node_176', 'Node_150', 'Node_260', 'Node_247', 'Node_278', 'Node_205', 'Node_271', 'Node_272', 'Node_273', 'Node_275', 'Node_140', 'Node_138', 'Node_139', 'Node_263', 'Node_265', 'Node_266', 'Node_135', 'Node_18', 'Node_129', 'Node_31', 'Node_153', 'Node_126', 'Node_28', 'Node_37', 'Node_36', 'Node_115', 'Node_78', 'Node_89', 'Node_90', 'Node_79', 'Node_80', 'Node_88', 'Node_103', 'Node_167', 'Node_168', 'Node_106', 'Node_105', 'Node_161', 'Node_181', 'Node_180', 'Node_152', 'Node_151', 'Node_155', 'Node_186', 'Node_183', 'Node_113', 'Node_110', 'Node_198', 'Node_197', 'Node_190', 'Node_191', 'Node_108', 'Node_107', 'Node_111', 'Node_104', 'Node_109', 'Node_102', 'Node_101', 'Node_100', 'Node_166', 'Node_171', 'Node_169', 'Node_170', 'Node_162', 'Node_74', 'Node_76', 'Node_83', 'Node_86', 'Node_87', 'Node_81', 'Node_82', 'Node_66', 'Node_73', 'Node_75', 'Node_61', 'Node_69', 'Node_63', 'Node_57', 'Node_58', 'Node_59', 'Node_51', 'Node_48', 'Node_50', 'Node_52', 'Node_38', 'Node_225', 'Node_224', 'Node_207', 'Node_252', 'Node_208', 'Node_137', 'Node_267', 'Node_136', 'Node_17', 'Node_16', 'Node_134', 'Node_269', 'Node_268', 'Node_133', 'Node_130', 'Node_128', 'Node_21', 'Node_19', 'Node_20', 'Node_154', 'Node_122', 'Node_117', 'Node_55', 'Node_44', 'Node_56', 'Node_40', 'Node_45', 'Node_39', 'Node_46', 'Node_42', 'Node_41', 'Node_33', 'Node_29', 'Node_30', 'Node_32', 'Node_26', 'Node_132', 'Node_131', 'Node_124', 'Node_121', 'Node_120', 'Node_118', 'Node_43', 'Node_62', 'Node_85', 'Node_64', 'Node_173', 'Node_116', 'Node_157', 'Node_165', 'Node_164', 'Node_127', 'Node_177', 'Node_182', 'Node_187', 'Node_189', 'Node_188', 'Node_96', 'Node_93', 'Node_149', 'Node_174', 'Node_95', 'Node_91', 'Node_99', 'Node_98', 'Node_160', 'Node_159', 'Node_158', 'Node_178', 'Node_148', 'Node_147', 'Node_125', 'Node_27', 'Node_25', 'Node_24', 'Node_261', 'Node_258', 'Node_255', 'Node_270', 'Node_262', 'Node_206', 'Node_204', 'Node_203', 'Node_201', 'Node_142', 'Node_141', 'Node_264', 'Node_215', 'Node_214', 'Node_216', 'Node_217', 'Node_219', 'Node_218', 'Node_221', 'Node_220', 'Node_239', 'Node_240', 'Node_1', 'Node_279', 'Node_3', 'Node_257', 'Node_254', 'Node_251', 'Node_248', 'Node_250', 'Node_236', 'Node_235', 'Node_234', 'Node_232', 'Node_231', 'Node_230', 'Node_237', 'Node_238', 'Node_241', 'Node_242', 'Node_243', 'Node_226', 'Node_253', 'Node_256', 'Node_229', 'Node_15', 'Node_274', 'Node_259', 'Node_2', 'Node_6', 'Node_4', 'Node_277', 'Node_8', 'Node_9', 'Node_7', 'Node_10', 'Node_12', 'Node_11', 'Node_14', 'Node_13', 'Node_94', 'Node_77', 'Node_112', 'Node_65', 'Node_72', 'Node_71', 'Node_70', 'Node_67', 'Node_68', 'Node_54', 'Node_53', 'Node_47', 'Node_49', 'Node_22', 'Node_23', 'Node_34', 'Node_35', 'Node_123', 'Node_5', 'Node_0', 'Node_193', 'Node_192', 'Node_199', 'Node_60', 'Node_84', 'Node_114', 'Node_172', 'Node_156', 'Node_119', 'Node_92', 'Node_97']"
36018071,Greedy,3108.109,1,"['Node_0', 'Node_279', 'Node_1', 'Node_2', 'Node_278', 'Node_277', 'Node_3', 'Node_276', 'Node_275', 'Node_274', 'Node_273', 'Node_272', 'Node_271', 'Node_270', 'Node_15', 'Node_16', 'Node_17', 'Node_18', 'Node_19', 'Node_20', 'Node_127', 'Node_126', 'Node_125', 'Node_124', 'Node_29', 'Node_30', 'Node_31', 'Node_28', 'Node_27', 'Node_26', 'Node_25', 'Node_21', 'Node_24', 'Node_22', 'Node_23', 'Node_13', 'Node_12', 'Node_11', 'Node_10', 'Node_9', 'Node_7', 'Node_6', 'Node_8', 'Node_5', 'Node_4', 'Node_259', 'Node_258', 'Node_257', 'Node_256', 'Node_253', 'Node_252', 'Node_207', 'Node_206', 'Node_209', 'Node_208', 'Node_251', 'Node_254', 'Node_255', 'Node_248', 'Node_247', 'Node_246', 'Node_243', 'Node_240', 'Node_239', 'Node_238', 'Node_237', 'Node_230', 'Node_231', 'Node_232', 'Node_233', 'Node_234', 'Node_235', 'Node_236', 'Node_245', 'Node_244', 'Node_249', 'Node_250', 'Node_229', 'Node_228', 'Node_227', 'Node_226', 'Node_225', 'Node_224', 'Node_223', 'Node_222', 'Node_221', 'Node_218', 'Node_217', 'Node_214', 'Node_213', 'Node_210', 'Node_211', 'Node_212', 'Node_215', 'Node_216', 'Node_219', 'Node_220', 'Node_202', 'Node_201', 'Node_199', 'Node_143', 'Node_142', 'Node_141', 'Node_140', 'Node_139', 'Node_138', 'Node_137', 'Node_136', 'Node_135', 'Node_134', 'Node_133', 'Node_269', 'Node_268', 'Node_267', 'Node_266', 'Node_265', 'Node_264', 'Node_263', 'Node_262', 'Node_261', 'Node_260', 'Node_14', 'Node_132', 'Node_131', 'Node_130', 'Node_129', 'Node_128', 'Node_153', 'Node_154', 'Node_152', 'Node_155', 'Node_151', 'Node_150', 'Node_176', 'Node_175', 'Node_180', 'Node_179', 'Node_178', 'Node_177', 'Node_149', 'Node_148', 'Node_147', 'Node_146', 'Node_145', 'Node_144', 'Node_198', 'Node_197', 'Node_196', 'Node_193', 'Node_194', 'Node_195', 'Node_200', 'Node_192', 'Node_191', 'Node_190', 'Node_189', 'Node_188', 'Node_187', 'Node_186', 'Node_184', 'Node_183', 'Node_182', 'Node_181', 'Node_160', 'Node_161', 'Node_162', 'Node_163', 'Node_164', 'Node_165', 'Node_166', 'Node_167', 'Node_168', 'Node_100', 'Node_99', 'Node_98', 'Node_97', 'Node_92', 'Node_93', 'Node_94', 'Node_95', 'Node_96', 'Node_91', 'Node_90', 'Node_89', 'Node_88', 'Node_108', 'Node_107', 'Node_103', 'Node_102', 'Node_101', 'Node_169', 'Node_170', 'Node_171', 'Node_172', 'Node_105', 'Node_104', 'Node_106', 'Node_173', 'Node_174', 'Node_159', 'Node_158', 'Node_157', 'Node_156', 'Node_118', 'Node_119', 'Node_120', 'Node_121', 'Node_122', 'Node_123', 'Node_33', 'Node_32', 'Node_35', 'Node_34', 'Node_37', 'Node_36', 'Node_38', 'Node_39', 'Node_40', 'Node_41', 'Node_42', 'Node_59', 'Node_60', 'Node_117', 'Node_116', 'Node_114', 'Node_113', 'Node_110', 'Node_109', 'Node_111', 'Node_87', 'Node_82', 'Node_81', 'Node_80', 'Node_79', 'Node_78', 'Node_75', 'Node_74', 'Node_73', 'Node_72', 'Node_71', 'Node_70', 'Node_69', 'Node_66', 'Node_65', 'Node_64', 'Node_63', 'Node_62', 'Node_61', 'Node_115', 'Node_85', 'Node_84', 'Node_83', 'Node_86', 'Node_112', 'Node_58', 'Node_43', 'Node_44', 'Node_45', 'Node_46', 'Node_47', 'Node_48', 'Node_49', 'Node_50', 'Node_51', 'Node_52', 'Node_53', 'Node_54', 'Node_55', 'Node_56', 'Node_57', 'Node_67', 'Node_68', 'Node_76', 'Node_77', 'Node_185', 'Node_203', 'Node_204', 'Node_205', 'Node_242', 'Node_241']"
36018071,SH,3605.8549999999996,320,"['Node_233', 'Node_232', 'Node_231', 'Node_236', 'Node_235', 'Node_234', 'Node_237', 'Node_238', 'Node_245', 'Node_230', 'Node_244', 'Node_239', 'Node_240', 'Node_241', 'Node_242', 'Node_247', 'Node_248', 'Node_249', 'Node_246', 'Node_243', 'Node_253', 'Node_252', 'Node_251', 'Node_208', 'Node_209', 'Node_206', 'Node_207', 'Node_205', 'Node_204', 'Node_202', 'Node_201', 'Node_200', 'Node_195', 'Node_194', 'Node_193', 'Node_196', 'Node_197', 'Node_198', 'Node_144', 'Node_145', 'Node_146', 'Node_141', 'Node_142', 'Node_199', 'Node_143', 'Node_139', 'Node_265', 'Node_264', 'Node_263', 'Node_262', 'Node_260', 'Node_259', 'Node_258', 'Node_257', 'Node_256', 'Node_261', 'Node_8', 'Node_9', 'Node_7', 'Node_6', 'Node_5', 'Node_4', 'Node_0', 'Node_1', 'Node_279', 'Node_2', 'Node_277', 'Node_278', 'Node_3', 'Node_276', 'Node_275', 'Node_274', 'Node_273', 'Node_272', 'Node_271', 'Node_270', 'Node_15', 'Node_16', 'Node_17', 'Node_132', 'Node_131', 'Node_18', 'Node_19', 'Node_20', 'Node_127', 'Node_126', 'Node_125', 'Node_28', 'Node_27', 'Node_26', 'Node_25', 'Node_21', 'Node_24', 'Node_22', 'Node_23', 'Node_13', 'Node_12', 'Node_11', 'Node_10', 'Node_14', 'Node_203', 'Node_214', 'Node_217', 'Node_216', 'Node_215', 'Node_212', 'Node_213', 'Node_210', 'Node_211', 'Node_218', 'Node_221', 'Node_220', 'Node_219', 'Node_222', 'Node_223', 'Node_224', 'Node_225', 'Node_226', 'Node_227', 'Node_228', 'Node_229', 'Node_250', 'Node_255', 'Node_254', 'Node_151', 'Node_155', 'Node_152', 'Node_154', 'Node_153', 'Node_122', 'Node_123', 'Node_124', 'Node_29', 'Node_30', 'Node_31', 'Node_32', 'Node_33', 'Node_34', 'Node_37', 'Node_36', 'Node_35', 'Node_50', 'Node_51', 'Node_52', 'Node_47', 'Node_46', 'Node_53', 'Node_54', 'Node_55', 'Node_44', 'Node_56', 'Node_57', 'Node_58', 'Node_43', 'Node_41', 'Node_40', 'Node_39', 'Node_38', 'Node_48', 'Node_49', 'Node_59', 'Node_42', 'Node_60', 'Node_117', 'Node_116', 'Node_114', 'Node_115', 'Node_85', 'Node_84', 'Node_83', 'Node_86', 'Node_112', 'Node_113', 'Node_110', 'Node_111', 'Node_109', 'Node_107', 'Node_103', 'Node_102', 'Node_101', 'Node_100', 'Node_98', 'Node_97', 'Node_92', 'Node_93', 'Node_96', 'Node_95', 'Node_94', 'Node_77', 'Node_76', 'Node_74', 'Node_73', 'Node_72', 'Node_71', 'Node_70', 'Node_69', 'Node_66', 'Node_65', 'Node_63', 'Node_62', 'Node_61', 'Node_64', 'Node_81', 'Node_82', 'Node_87', 'Node_80', 'Node_79', 'Node_78', 'Node_75', 'Node_89', 'Node_108', 'Node_88', 'Node_91', 'Node_90', 'Node_105', 'Node_172', 'Node_106', 'Node_173', 'Node_174', 'Node_159', 'Node_158', 'Node_157', 'Node_156', 'Node_119', 'Node_120', 'Node_121', 'Node_128', 'Node_129', 'Node_130', 'Node_269', 'Node_133', 'Node_134', 'Node_268', 'Node_267', 'Node_135', 'Node_266', 'Node_136', 'Node_137', 'Node_138', 'Node_148', 'Node_147', 'Node_140', 'Node_179', 'Node_178', 'Node_149', 'Node_177', 'Node_150', 'Node_176', 'Node_175', 'Node_180', 'Node_181', 'Node_182', 'Node_183', 'Node_184', 'Node_186', 'Node_185', 'Node_189', 'Node_190', 'Node_191', 'Node_192', 'Node_188', 'Node_187', 'Node_164', 'Node_163', 'Node_162', 'Node_161', 'Node_160', 'Node_165', 'Node_166', 'Node_167', 'Node_168', 'Node_99', 'Node_170', 'Node_169', 'Node_171', 'Node_104', 'Node_118', 'Node_67', 'Node_68', 'Node_45']"
36018071,SHE,3605.8549999999996,320,"['Node_233', 'Node_232', 'Node_231', 'Node_236', 'Node_235', 'Node_234', 'Node_237', 'Node_238', 'Node_245', 'Node_230', 'Node_244', 'Node_239', 'Node_240', 'Node_241', 'Node_242', 'Node_247', 'Node_248', 'Node_249', 'Node_246', 'Node_243', 'Node_253', 'Node_252', 'Node_251', 'Node_208', 'Node_209', 'Node_206', 'Node_207', 'Node_205', 'Node_204', 'Node_202', 'Node_201', 'Node_200', 'Node_195', 'Node_194', 'Node_193', 'Node_196', 'Node_197', 'Node_198', 'Node_144', 'Node_145', 'Node_146', 'Node_141', 'Node_142', 'Node_199', 'Node_143', 'Node_139', 'Node_265', 'Node_264', 'Node_263', 'Node_262', 'Node_260', 'Node_259', 'Node_258', 'Node_257', 'Node_256', 'Node_261', 'Node_8', 'Node_9', 'Node_7', 'Node_6', 'Node_5', 'Node_4', 'Node_0', 'Node_1', 'Node_279', 'Node_2', 'Node_277', 'Node_278', 'Node_3', 'Node_276', 'Node_275', 'Node_274', 'Node_273', 'Node_272', 'Node_271', 'Node_270', 'Node_15', 'Node_16', 'Node_17', 'Node_132', 'Node_131', 'Node_18', 'Node_19', 'Node_20', 'Node_127', 'Node_126', 'Node_125', 'Node_28', 'Node_27', 'Node_26', 'Node_25', 'Node_21', 'Node_24', 'Node_22', 'Node_23', 'Node_13', 'Node_12', 'Node_11', 'Node_10', 'Node_14', 'Node_203', 'Node_214', 'Node_217', 'Node_216', 'Node_215', 'Node_212', 'Node_213', 'Node_210', 'Node_211', 'Node_218', 'Node_221', 'Node_220', 'Node_219', 'Node_222', 'Node_223', 'Node_224', 'Node_225', 'Node_226', 'Node_227', 'Node_228', 'Node_229', 'Node_250', 'Node_255', 'Node_254', 'Node_151', 'Node_155', 'Node_152', 'Node_154', 'Node_153', 'Node_122', 'Node_123', 'Node_124', 'Node_29', 'Node_30', 'Node_31', 'Node_32', 'Node_33', 'Node_34', 'Node_37', 'Node_36', 'Node_35', 'Node_50', 'Node_51', 'Node_52', 'Node_47', 'Node_46', 'Node_53', 'Node_54', 'Node_55', 'Node_44', 'Node_56', 'Node_57', 'Node_58', 'Node_43', 'Node_41', 'Node_40', 'Node_39', 'Node_38', 'Node_48', 'Node_49', 'Node_59', 'Node_42', 'Node_60', 'Node_117', 'Node_116', 'Node_114', 'Node_115', 'Node_85', 'Node_84', 'Node_83', 'Node_86', 'Node_112', 'Node_113', 'Node_110', 'Node_111', 'Node_109', 'Node_107', 'Node_103', 'Node_102', 'Node_101', 'Node_100', 'Node_98', 'Node_97', 'Node_92', 'Node_93', 'Node_96', 'Node_95', 'Node_94', 'Node_77', 'Node_76', 'Node_74', 'Node_73', 'Node_72', 'Node_71', 'Node_70', 'Node_69', 'Node_66', 'Node_65', 'Node_63', 'Node_62', 'Node_61', 'Node_64', 'Node_81', 'Node_82', 'Node_87', 'Node_80', 'Node_79', 'Node_78', 'Node_75', 'Node_89', 'Node_108', 'Node_88', 'Node_91', 'Node_90', 'Node_105', 'Node_172', 'Node_106', 'Node_173', 'Node_174', 'Node_159', 'Node_158', 'Node_157', 'Node_156', 'Node_119', 'Node_120', 'Node_121', 'Node_128', 'Node_129', 'Node_130', 'Node_269', 'Node_133', 'Node_134', 'Node_268', 'Node_267', 'Node_135', 'Node_266', 'Node_136', 'Node_137', 'Node_138', 'Node_148', 'Node_147', 'Node_140', 'Node_179', 'Node_178', 'Node_149', 'Node_177', 'Node_150', 'Node_176', 'Node_175', 'Node_180', 'Node_181', 'Node_182', 'Node_183', 'Node_184', 'Node_186', 'Node_185', 'Node_189', 'Node_190', 'Node_191', 'Node_192', 'Node_188', 'Node_187', 'Node_164', 'Node_163', 'Node_162', 'Node_161', 'Node_160', 'Node_165', 'Node_166', 'Node_167', 'Node_168', 'Node_99', 'Node_170', 'Node_169', 'Node_171', 'Node_104', 'Node_118', 'Node_67', 'Node_68', 'Node_45']"
36018071,SCH,9265.084,1880,"['Node_68', 'Node_67', 'Node_54', 'Node_66', 'Node_70', 'Node_72', 'Node_79', 'Node_81', 'Node_115', 'Node_112', 'Node_87', 'Node_61', 'Node_58', 'Node_45', 'Node_55', 'Node_57', 'Node_179', 'Node_157', 'Node_159', 'Node_160', 'Node_186', 'Node_184', 'Node_185', 'Node_182', 'Node_180', 'Node_40', 'Node_35', 'Node_36', 'Node_37', 'Node_38', 'Node_34', 'Node_120', 'Node_119', 'Node_106', 'Node_78', 'Node_73', 'Node_75', 'Node_76', 'Node_77', 'Node_93', 'Node_96', 'Node_166', 'Node_167', 'Node_170', 'Node_169', 'Node_171', 'Node_168', 'Node_101', 'Node_10', 'Node_11', 'Node_14', 'Node_6', 'Node_8', 'Node_17', 'Node_16', 'Node_23', 'Node_21', 'Node_24', 'Node_29', 'Node_174', 'Node_158', 'Node_173', 'Node_90', 'Node_88', 'Node_28', 'Node_27', 'Node_44', 'Node_53', 'Node_46', 'Node_47', 'Node_49', 'Node_39', 'Node_59', 'Node_117', 'Node_116', 'Node_113', 'Node_91', 'Node_97', 'Node_98', 'Node_114', 'Node_162', 'Node_163', 'Node_104', 'Node_102', 'Node_89', 'Node_172', 'Node_105', 'Node_103', 'Node_109', 'Node_111', 'Node_85', 'Node_82', 'Node_183', 'Node_33', 'Node_150', 'Node_151', 'Node_152', 'Node_154', 'Node_156', 'Node_118', 'Node_83', 'Node_124', 'Node_30', 'Node_60', 'Node_62', 'Node_84', 'Node_65', 'Node_64', 'Node_69', 'Node_107', 'Node_108', 'Node_164', 'Node_187', 'Node_188', 'Node_189', 'Node_190', 'Node_191', 'Node_211', 'Node_256', 'Node_254', 'Node_207', 'Node_205', 'Node_204', 'Node_206', 'Node_212', 'Node_213', 'Node_201', 'Node_214', 'Node_217', 'Node_216', 'Node_219', 'Node_218', 'Node_220', 'Node_221', 'Node_208', 'Node_255', 'Node_278', 'Node_5', 'Node_4', 'Node_7', 'Node_25', 'Node_26', 'Node_155', 'Node_125', 'Node_126', 'Node_265', 'Node_139', 'Node_138', 'Node_137', 'Node_145', 'Node_146', 'Node_144', 'Node_199', 'Node_194', 'Node_196', 'Node_243', 'Node_246', 'Node_244', 'Node_230', 'Node_251', 'Node_252', 'Node_253', 'Node_261', 'Node_259', 'Node_275', 'Node_276', 'Node_277', 'Node_279', 'Node_2', 'Node_1', 'Node_241', 'Node_226', 'Node_225', 'Node_234', 'Node_232', 'Node_235', 'Node_231', 'Node_250', 'Node_247', 'Node_249', 'Node_248', 'Node_210', 'Node_209', 'Node_3', 'Node_272', 'Node_148', 'Node_9', 'Node_262', 'Node_269', 'Node_266', 'Node_140', 'Node_141', 'Node_147', 'Node_161', 'Node_181', 'Node_94', 'Node_92', 'Node_95', 'Node_42', 'Node_41', 'Node_74', 'Node_86', 'Node_110', 'Node_80', 'Node_63', 'Node_43', 'Node_56', 'Node_51', 'Node_50', 'Node_48', 'Node_52', 'Node_165', 'Node_178', 'Node_200', 'Node_197', 'Node_198', 'Node_136', 'Node_134', 'Node_274', 'Node_273', 'Node_22', 'Node_127', 'Node_129', 'Node_128', 'Node_153', 'Node_122', 'Node_132', 'Node_131', 'Node_18', 'Node_19', 'Node_130', 'Node_268', 'Node_135', 'Node_123', 'Node_176', 'Node_32', 'Node_31', 'Node_133', 'Node_20', 'Node_121', 'Node_239', 'Node_245', 'Node_237', 'Node_227', 'Node_229', 'Node_228', 'Node_233', 'Node_236', 'Node_238', 'Node_258', 'Node_257', 'Node_240', 'Node_242', 'Node_192', 'Node_175', 'Node_177', 'Node_149', 'Node_264', 'Node_193', 'Node_195', 'Node_224', 'Node_222', 'Node_223', 'Node_0', 'Node_263', 'Node_267', 'Node_202', 'Node_142', 'Node_143', 'Node_15', 'Node_12', 'Node_13', 'Node_270', 'Node_271', 'Node_260', 'Node_215', 'Node_203', 'Node_99', 'Node_100', 'Node_71']"
28939745,Greedy,3108.109,1,"['Node_0', 'Node_279', 'Node_1', 'Node_2', 'Node_278', 'Node_277', 'Node_3', 'Node_276', 'Node_275', 'Node_274', 'Node_273', 'Node_272', 'Node_271', 'Node_270', 'Node_15', 'Node_16', 'Node_17', 'Node_18', 'Node_19', 'Node_20', 'Node_127', 'Node_126', 'Node_125', 'Node_124', 'Node_29', 'Node_30', 'Node_31', 'Node_28', 'Node_27', 'Node_26', 'Node_25', 'Node_21', 'Node_24', 'Node_22', 'Node_23', 'Node_13', 'Node_12', 'Node_11', 'Node_10', 'Node_9', 'Node_7', 'Node_6', 'Node_8', 'Node_5', 'Node_4', 'Node_259', 'Node_258', 'Node_257', 'Node_256', 'Node_253', 'Node_252', 'Node_207', 'Node_206', 'Node_209', 'Node_208', 'Node_251', 'Node_254', 'Node_255', 'Node_248', 'Node_247', 'Node_246', 'Node_243', 'Node_240', 'Node_239', 'Node_238', 'Node_237', 'Node_230', 'Node_231', 'Node_232', 'Node_233', 'Node_234', 'Node_235', 'Node_236', 'Node_245', 'Node_244', 'Node_249', 'Node_250', 'Node_229', 'Node_228', 'Node_227', 'Node_226', 'Node_225', 'Node_224', 'Node_223', 'Node_222', 'Node_221', 'Node_218', 'Node_217', 'Node_214', 'Node_213', 'Node_210', 'Node_211', 'Node_212', 'Node_215', 'Node_216', 'Node_219', 'Node_220', 'Node_202', 'Node_201', 'Node_199', 'Node_143', 'Node_142', 'Node_141', 'Node_140', 'Node_139', 'Node_138', 'Node_137', 'Node_136', 'Node_135', 'Node_134', 'Node_133', 'Node_269', 'Node_268', 'Node_267', 'Node_266', 'Node_265', 'Node_264', 'Node_263', 'Node_262', 'Node_261', 'Node_260', 'Node_14', 'Node_132', 'Node_131', 'Node_130', 'Node_129', 'Node_128', 'Node_153', 'Node_154', 'Node_152', 'Node_155', 'Node_151', 'Node_150', 'Node_176', 'Node_175', 'Node_180', 'Node_179', 'Node_178', 'Node_177', 'Node_149', 'Node_148', 'Node_147', 'Node_146', 'Node_145', 'Node_144', 'Node_198', 'Node_197', 'Node_196', 'Node_193', 'Node_194', 'Node_195', 'Node_200', 'Node_192', 'Node_191', 'Node_190', 'Node_189', 'Node_188', 'Node_187', 'Node_186', 'Node_184', 'Node_183', 'Node_182', 'Node_181', 'Node_160', 'Node_161', 'Node_162', 'Node_163', 'Node_164', 'Node_165', 'Node_166', 'Node_167', 'Node_168', 'Node_100', 'Node_99', 'Node_98', 'Node_97', 'Node_92', 'Node_93', 'Node_94', 'Node_95', 'Node_96', 'Node_91', 'Node_90', 'Node_89', 'Node_88', 'Node_108', 'Node_107', 'Node_103', 'Node_102', 'Node_101', 'Node_169', 'Node_170', 'Node_171', 'Node_172', 'Node_105', 'Node_104', 'Node_106', 'Node_173', 'Node_174', 'Node_159', 'Node_158', 'Node_157', 'Node_156', 'Node_118', 'Node_119', 'Node_120', 'Node_121', 'Node_122', 'Node_123', 'Node_33', 'Node_32', 'Node_35', 'Node_34', 'Node_37', 'Node_36', 'Node_38', 'Node_39', 'Node_40', 'Node_41', 'Node_42', 'Node_59', 'Node_60', 'Node_117', 'Node_116', 'Node_114', 'Node_113', 'Node_110', 'Node_109', 'Node_111', 'Node_87', 'Node_82', 'Node_81', 'Node_80', 'Node_79', 'Node_78', 'Node_75', 'Node_74', 'Node_73', 'Node_72', 'Node_71', 'Node_70', 'Node_69', 'Node_66', 'Node_65', 'Node_64', 'Node_63', 'Node_62', 'Node_61', 'Node_115', 'Node_85', 'Node_84', 'Node_83', 'Node_86', 'Node_112', 'Node_58', 'Node_43', 'Node_44', 'Node_45', 'Node_46', 'Node_47', 'Node_48', 'Node_49', 'Node_50', 'Node_51', 'Node_52', 'Node_53', 'Node_54', 'Node_55', 'Node_56', 'Node_57', 'Node_67', 'Node_68', 'Node_76', 'Node_77', 'Node_185', 'Node_203', 'Node_204', 'Node_205', 'Node_242', 'Node_241']"
28939745,SH,3775.328999999999,310,"['Node_18', 'Node_19', 'Node_130', 'Node_129', 'Node_128', 'Node_126', 'Node_125', 'Node_28', 'Node_27', 'Node_26', 'Node_25', 'Node_21', 'Node_24', 'Node_22', 'Node_23', 'Node_13', 'Node_12', 'Node_14', 'Node_11', 'Node_10', 'Node_9', 'Node_7', 'Node_8', 'Node_6', 'Node_5', 'Node_4', 'Node_3', 'Node_276', 'Node_275', 'Node_274', 'Node_273', 'Node_272', 'Node_271', 'Node_270', 'Node_15', 'Node_16', 'Node_17', 'Node_132', 'Node_133', 'Node_134', 'Node_135', 'Node_136', 'Node_137', 'Node_138', 'Node_139', 'Node_265', 'Node_264', 'Node_263', 'Node_262', 'Node_261', 'Node_258', 'Node_259', 'Node_260', 'Node_257', 'Node_256', 'Node_253', 'Node_251', 'Node_208', 'Node_209', 'Node_210', 'Node_211', 'Node_213', 'Node_214', 'Node_217', 'Node_218', 'Node_219', 'Node_220', 'Node_221', 'Node_222', 'Node_223', 'Node_224', 'Node_225', 'Node_226', 'Node_227', 'Node_228', 'Node_229', 'Node_250', 'Node_249', 'Node_246', 'Node_247', 'Node_248', 'Node_255', 'Node_254', 'Node_252', 'Node_207', 'Node_206', 'Node_205', 'Node_204', 'Node_203', 'Node_202', 'Node_201', 'Node_199', 'Node_143', 'Node_144', 'Node_198', 'Node_197', 'Node_196', 'Node_193', 'Node_194', 'Node_195', 'Node_200', 'Node_142', 'Node_141', 'Node_140', 'Node_148', 'Node_147', 'Node_146', 'Node_145', 'Node_177', 'Node_149', 'Node_178', 'Node_179', 'Node_180', 'Node_175', 'Node_176', 'Node_150', 'Node_151', 'Node_155', 'Node_152', 'Node_154', 'Node_153', 'Node_122', 'Node_123', 'Node_124', 'Node_29', 'Node_30', 'Node_31', 'Node_32', 'Node_33', 'Node_34', 'Node_35', 'Node_37', 'Node_36', 'Node_49', 'Node_48', 'Node_51', 'Node_50', 'Node_47', 'Node_52', 'Node_53', 'Node_54', 'Node_45', 'Node_44', 'Node_43', 'Node_58', 'Node_57', 'Node_56', 'Node_55', 'Node_46', 'Node_82', 'Node_87', 'Node_81', 'Node_80', 'Node_79', 'Node_78', 'Node_77', 'Node_76', 'Node_74', 'Node_75', 'Node_73', 'Node_72', 'Node_71', 'Node_70', 'Node_69', 'Node_66', 'Node_68', 'Node_67', 'Node_64', 'Node_84', 'Node_83', 'Node_86', 'Node_112', 'Node_113', 'Node_110', 'Node_111', 'Node_88', 'Node_108', 'Node_107', 'Node_103', 'Node_102', 'Node_90', 'Node_91', 'Node_92', 'Node_93', 'Node_96', 'Node_95', 'Node_94', 'Node_97', 'Node_98', 'Node_99', 'Node_100', 'Node_168', 'Node_169', 'Node_170', 'Node_167', 'Node_166', 'Node_165', 'Node_164', 'Node_163', 'Node_162', 'Node_161', 'Node_160', 'Node_173', 'Node_172', 'Node_106', 'Node_105', 'Node_104', 'Node_101', 'Node_89', 'Node_109', 'Node_156', 'Node_118', 'Node_157', 'Node_158', 'Node_159', 'Node_174', 'Node_184', 'Node_183', 'Node_182', 'Node_181', 'Node_188', 'Node_187', 'Node_186', 'Node_185', 'Node_189', 'Node_190', 'Node_192', 'Node_191', 'Node_241', 'Node_243', 'Node_244', 'Node_245', 'Node_230', 'Node_237', 'Node_236', 'Node_231', 'Node_232', 'Node_235', 'Node_234', 'Node_233', 'Node_238', 'Node_239', 'Node_240', 'Node_242', 'Node_277', 'Node_278', 'Node_2', 'Node_279', 'Node_1', 'Node_0', 'Node_215', 'Node_212', 'Node_216', 'Node_267', 'Node_268', 'Node_269', 'Node_266', 'Node_171', 'Node_121', 'Node_120', 'Node_119', 'Node_60', 'Node_117', 'Node_116', 'Node_114', 'Node_115', 'Node_85', 'Node_62', 'Node_61', 'Node_63', 'Node_65', 'Node_38', 'Node_39', 'Node_40', 'Node_41', 'Node_42', 'Node_59', 'Node_131', 'Node_20', 'Node_127']"
28939745,SHE,3775.328999999999,300,"['Node_18', 'Node_19', 'Node_130', 'Node_129', 'Node_128', 'Node_126', 'Node_125', 'Node_28', 'Node_27', 'Node_26', 'Node_25', 'Node_21', 'Node_24', 'Node_22', 'Node_23', 'Node_13', 'Node_12', 'Node_14', 'Node_11', 'Node_10', 'Node_9', 'Node_7', 'Node_8', 'Node_6', 'Node_5', 'Node_4', 'Node_3', 'Node_276', 'Node_275', 'Node_274', 'Node_273', 'Node_272', 'Node_271', 'Node_270', 'Node_15', 'Node_16', 'Node_17', 'Node_132', 'Node_133', 'Node_134', 'Node_135', 'Node_136', 'Node_137', 'Node_138', 'Node_139', 'Node_265', 'Node_264', 'Node_263', 'Node_262', 'Node_261', 'Node_258', 'Node_259', 'Node_260', 'Node_257', 'Node_256', 'Node_253', 'Node_251', 'Node_208', 'Node_209', 'Node_210', 'Node_211', 'Node_213', 'Node_214', 'Node_217', 'Node_218', 'Node_219', 'Node_220', 'Node_221', 'Node_222', 'Node_223', 'Node_224', 'Node_225', 'Node_226', 'Node_227', 'Node_228', 'Node_229', 'Node_250', 'Node_249', 'Node_246', 'Node_247', 'Node_248', 'Node_255', 'Node_254', 'Node_252', 'Node_207', 'Node_206', 'Node_205', 'Node_204', 'Node_203', 'Node_202', 'Node_201', 'Node_199', 'Node_143', 'Node_144', 'Node_198', 'Node_197', 'Node_196', 'Node_193', 'Node_194', 'Node_195', 'Node_200', 'Node_142', 'Node_141', 'Node_140', 'Node_148', 'Node_147', 'Node_146', 'Node_145', 'Node_177', 'Node_149', 'Node_178', 'Node_179', 'Node_180', 'Node_175', 'Node_176', 'Node_150', 'Node_151', 'Node_155', 'Node_152', 'Node_154', 'Node_153', 'Node_122', 'Node_123', 'Node_124', 'Node_29', 'Node_30', 'Node_31', 'Node_32', 'Node_33', 'Node_34', 'Node_35', 'Node_37', 'Node_36', 'Node_49', 'Node_48', 'Node_51', 'Node_50', 'Node_47', 'Node_52', 'Node_53', 'Node_54', 'Node_45', 'Node_44', 'Node_43', 'Node_58', 'Node_57', 'Node_56', 'Node_55', 'Node_46', 'Node_82', 'Node_87', 'Node_81', 'Node_80', 'Node_79', 'Node_78', 'Node_77', 'Node_76', 'Node_74', 'Node_75', 'Node_73', 'Node_72', 'Node_71', 'Node_70', 'Node_69', 'Node_66', 'Node_68', 'Node_67', 'Node_64', 'Node_84', 'Node_83', 'Node_86', 'Node_112', 'Node_113', 'Node_110', 'Node_111', 'Node_88', 'Node_108', 'Node_107', 'Node_103', 'Node_102', 'Node_90', 'Node_91', 'Node_92', 'Node_93', 'Node_96', 'Node_95', 'Node_94', 'Node_97', 'Node_98', 'Node_99', 'Node_100', 'Node_168', 'Node_169', 'Node_170', 'Node_167', 'Node_166', 'Node_165', 'Node_164', 'Node_163', 'Node_162', 'Node_161', 'Node_160', 'Node_173', 'Node_172', 'Node_106', 'Node_105', 'Node_104', 'Node_101', 'Node_89', 'Node_109', 'Node_156', 'Node_118', 'Node_157', 'Node_158', 'Node_159', 'Node_174', 'Node_184', 'Node_183', 'Node_182', 'Node_181', 'Node_188', 'Node_187', 'Node_186', 'Node_185', 'Node_189', 'Node_190', 'Node_192', 'Node_191', 'Node_241', 'Node_243', 'Node_244', 'Node_245', 'Node_230', 'Node_237', 'Node_236', 'Node_231', 'Node_232', 'Node_235', 'Node_234', 'Node_233', 'Node_238', 'Node_239', 'Node_240', 'Node_242', 'Node_277', 'Node_278', 'Node_2', 'Node_279', 'Node_1', 'Node_0', 'Node_215', 'Node_212', 'Node_216', 'Node_267', 'Node_268', 'Node_269', 'Node_266', 'Node_171', 'Node_121', 'Node_120', 'Node_119', 'Node_60', 'Node_117', 'Node_116', 'Node_114', 'Node_115', 'Node_85', 'Node_62', 'Node_61', 'Node_63', 'Node_65', 'Node_38', 'Node_39', 'Node_40', 'Node_41', 'Node_42', 'Node_59', 'Node_131', 'Node_20', 'Node_127']"
28939745,SCH,9085.265,1610,"['Node_249', 'Node_228', 'Node_254', 'Node_207', 'Node_204', 'Node_148', 'Node_264', 'Node_139', 'Node_262', 'Node_268', 'Node_136', 'Node_267', 'Node_201', 'Node_200', 'Node_202', 'Node_143', 'Node_92', 'Node_91', 'Node_89', 'Node_88', 'Node_79', 'Node_80', 'Node_81', 'Node_52', 'Node_51', 'Node_49', 'Node_26', 'Node_27', 'Node_28', 'Node_31', 'Node_122', 'Node_179', 'Node_176', 'Node_177', 'Node_155', 'Node_151', 'Node_118', 'Node_156', 'Node_129', 'Node_18', 'Node_131', 'Node_126', 'Node_125', 'Node_21', 'Node_24', 'Node_19', 'Node_30', 'Node_32', 'Node_36', 'Node_34', 'Node_35', 'Node_50', 'Node_48', 'Node_40', 'Node_47', 'Node_46', 'Node_53', 'Node_45', 'Node_54', 'Node_37', 'Node_39', 'Node_38', 'Node_59', 'Node_60', 'Node_106', 'Node_105', 'Node_173', 'Node_172', 'Node_169', 'Node_171', 'Node_168', 'Node_77', 'Node_76', 'Node_78', 'Node_82', 'Node_87', 'Node_111', 'Node_65', 'Node_64', 'Node_113', 'Node_86', 'Node_112', 'Node_114', 'Node_116', 'Node_117', 'Node_62', 'Node_20', 'Node_127', 'Node_152', 'Node_102', 'Node_103', 'Node_42', 'Node_58', 'Node_44', 'Node_99', 'Node_100', 'Node_98', 'Node_97', 'Node_96', 'Node_95', 'Node_94', 'Node_167', 'Node_104', 'Node_70', 'Node_69', 'Node_74', 'Node_72', 'Node_73', 'Node_75', 'Node_108', 'Node_162', 'Node_183', 'Node_182', 'Node_184', 'Node_160', 'Node_181', 'Node_180', 'Node_178', 'Node_147', 'Node_133', 'Node_134', 'Node_135', 'Node_138', 'Node_137', 'Node_272', 'Node_11', 'Node_9', 'Node_132', 'Node_16', 'Node_214', 'Node_216', 'Node_217', 'Node_219', 'Node_246', 'Node_244', 'Node_230', 'Node_239', 'Node_240', 'Node_241', 'Node_242', 'Node_243', 'Node_63', 'Node_57', 'Node_43', 'Node_41', 'Node_71', 'Node_84', 'Node_121', 'Node_120', 'Node_153', 'Node_15', 'Node_154', 'Node_123', 'Node_124', 'Node_29', 'Node_128', 'Node_266', 'Node_203', 'Node_144', 'Node_145', 'Node_146', 'Node_164', 'Node_165', 'Node_161', 'Node_22', 'Node_149', 'Node_185', 'Node_188', 'Node_190', 'Node_186', 'Node_195', 'Node_197', 'Node_198', 'Node_199', 'Node_269', 'Node_257', 'Node_261', 'Node_258', 'Node_271', 'Node_270', 'Node_245', 'Node_1', 'Node_276', 'Node_7', 'Node_274', 'Node_247', 'Node_248', 'Node_273', 'Node_14', 'Node_13', 'Node_12', 'Node_5', 'Node_4', 'Node_275', 'Node_251', 'Node_252', 'Node_210', 'Node_211', 'Node_231', 'Node_232', 'Node_235', 'Node_234', 'Node_225', 'Node_250', 'Node_229', 'Node_208', 'Node_255', 'Node_256', 'Node_253', 'Node_233', 'Node_227', 'Node_226', 'Node_224', 'Node_223', 'Node_222', 'Node_0', 'Node_278', 'Node_277', 'Node_2', 'Node_279', 'Node_236', 'Node_237', 'Node_238', 'Node_25', 'Node_23', 'Node_221', 'Node_220', 'Node_218', 'Node_209', 'Node_206', 'Node_205', 'Node_140', 'Node_141', 'Node_142', 'Node_192', 'Node_189', 'Node_193', 'Node_196', 'Node_194', 'Node_265', 'Node_263', 'Node_212', 'Node_215', 'Node_213', 'Node_130', 'Node_187', 'Node_159', 'Node_158', 'Node_174', 'Node_175', 'Node_163', 'Node_110', 'Node_109', 'Node_107', 'Node_83', 'Node_115', 'Node_85', 'Node_56', 'Node_68', 'Node_67', 'Node_170', 'Node_101', 'Node_90', 'Node_93', 'Node_66', 'Node_33', 'Node_119', 'Node_157', 'Node_150', 'Node_191', 'Node_17', 'Node_3', 'Node_8', 'Node_10', 'Node_6', 'Node_259', 'Node_260', 'Node_55', 'Node_61', 'Node_166']"
